id,from1,to1,length,modes,car_psafe,ebike_psafe,escoot_psafe,walk_psafe,car_psafe_l,ebike_psafe_l,escoot_psafe_l,walk_psafe_l
10000,5000,11,1073.02,"car,bicycle,escooter,walk",0.17364603979740104,-3.0356040600608676,-2.3382106071038056,-1.80420599404876,5.0,3.0,2.0,4.0
10001,6000,11,206.539,"car,bicycle,escooter,walk",0.17364603979740104,-3.0356040600608676,-2.3382106071038056,-1.80420599404876,5.0,3.0,2.0,4.0
10002,60000,10,662.578,"car,bicycle,escooter,walk",0.17364603979740104,-3.0356040600608676,-2.3382106071038056,-1.80420599404876,5.0,3.0,2.0,4.0
10003,40000,9,1080.269,"car,bicycle,escooter,walk",0.17364603979740104,-3.0356040600608676,-2.3382106071038056,-1.80420599404876,5.0,3.0,2.0,4.0
10004,3000,8,363.119,"car,bicycle,escooter,walk",0.17364603979740104,-3.0356040600608676,-2.3382106071038056,-1.80420599404876,5.0,3.0,2.0,4.0
10005,20000,18,676.757,"car,bicycle,escooter,walk",0.17364603979740104,-3.0356040600608676,-2.3382106071038056,-1.80420599404876,5.0,3.0,2.0,4.0
10006,10000,14,912.202,"car,bicycle,escooter,walk",0.17364603979740104,-3.0356040600608676,-2.3382106071038056,-1.80420599404876,5.0,3.0,2.0,4.0
10007,7000,103,842.917,"car,bicycle,escooter,walk",0.17364603979740104,-3.0356040600608676,-2.3382106071038056,-1.80420599404876,5.0,3.0,2.0,4.0
10008,9000,90000,639.999,"car,bicycle,escooter,walk",0.17364603979740104,-3.0356040600608676,-2.3382106071038056,-1.80420599404876,5.0,3.0,2.0,4.0
10010,19,12,198.003,"car,bicycle,escooter,walk",0.17364603979740104,-3.0356040600608676,-2.3382106071038056,-1.80420599404876,5.0,3.0,2.0,4.0
10405,10,9,352.843,"car,bicycle,escooter,walk",-0.4654737656269547,-3.655136392895386,-3.0544514898188613,-1.5920164477103653,5.0,2.0,2.0,4.0
10404,9,20,159.352,"car,bicycle,escooter,walk",0.5402382410508354,-3.0931618678693753,-2.3914568382853414,-1.4087479631978352,6.0,3.0,2.0,5.0
10403,20,21,110.36,car,-0.4654737656269547,-3.655136392895386,-3.0544514898188613,-1.5920164477103653,5.0,2.0,2.0,4.0
10402,21,22,78.713,car,-0.4654737656269547,-3.655136392895386,-3.0544514898188613,-1.5920164477103653,5.0,2.0,2.0,4.0
10401,22,23,63.425,car,-0.4654737656269547,-3.655136392895386,-3.0544514898188613,-1.5920164477103653,5.0,2.0,2.0,4.0
10011,23,24,107.419,car,-0.4654737656269547,-3.655136392895386,-3.0544514898188613,-1.5920164477103653,5.0,2.0,2.0,4.0
10012,24,25,71.14,car,-0.4654737656269547,-3.655136392895386,-3.0544514898188613,-1.5920164477103653,5.0,2.0,2.0,4.0
10013,25,26,51.089,car,-0.4654737656269547,-3.655136392895386,-3.0544514898188613,-1.5920164477103653,5.0,2.0,2.0,4.0
10014,26,8,102.908,car,-0.4654737656269547,-3.655136392895386,-3.0544514898188613,-1.5920164477103653,5.0,2.0,2.0,4.0
10015,8,27,61.661,"car,bicycle,escooter,walk",0.5402382410508354,-3.0931618678693753,-2.3914568382853414,-1.4087479631978352,6.0,3.0,2.0,5.0
10016,27,28,114.983,car,-0.4654737656269547,-3.655136392895386,-3.0544514898188613,-1.5920164477103653,5.0,2.0,2.0,4.0
10017,28,29,84.213,car,-0.4050534631739917,-3.144643461197096,-2.370135388004081,-0.5186574549244894,5.0,3.0,2.0,6.0
10018,29,30,76.208,car,0.6006585435037984,-2.582668936171085,-1.707140736470561,-0.3353889704119595,6.0,3.0,3.0,6.0
10019,36,18,129.877,car,1.0506819402197303,0.578704682366485,0.6805467427199587,0.2121915287768446,6.0,6.0,5.0,6.0
10020,36,18,129.877,"bicycle,escooter,walk",1.0506819402197303,0.578704682366485,0.6805467427199587,0.2121915287768446,6.0,6.0,5.0,6.0
10021,48,46,139.626,car,1.0506819402197303,0.578704682366485,0.6805467427199587,0.2121915287768446,6.0,6.0,5.0,6.0
10022,46,42,111.859,car,1.0506819402197303,0.578704682366485,0.6805467427199587,0.2121915287768446,6.0,6.0,5.0,6.0
10023,42,44,82.757,car,1.0506819402197303,0.578704682366485,0.6805467427199587,0.2121915287768446,6.0,6.0,5.0,6.0
10024,44,40,84.573,car,1.0506819402197303,0.578704682366485,0.6805467427199587,0.2121915287768446,6.0,6.0,5.0,6.0
10025,40,38,289.361,car,1.0506819402197303,0.578704682366485,0.6805467427199587,0.2121915287768446,6.0,6.0,5.0,6.0
10026,38,37,99.91,car,1.0506819402197303,0.578704682366485,0.6805467427199587,0.2121915287768446,6.0,6.0,5.0,6.0
10027,37,36,133.13,car,1.0506819402197303,0.578704682366485,0.6805467427199587,0.2121915287768446,6.0,6.0,5.0,6.0
10028,48,46,139.626,"bicycle,escooter,walk",1.0506819402197303,0.578704682366485,0.6805467427199587,0.2121915287768446,6.0,6.0,5.0,6.0
10029,46,42,111.859,"bicycle,escooter,walk",1.0506819402197303,0.578704682366485,0.6805467427199587,0.2121915287768446,6.0,6.0,5.0,6.0
10030,42,44,82.757,"bicycle,escooter,walk",1.0506819402197303,0.578704682366485,0.6805467427199587,0.2121915287768446,6.0,6.0,5.0,6.0
10031,44,40,84.573,"bicycle,escooter,walk",1.0506819402197303,0.578704682366485,0.6805467427199587,0.2121915287768446,6.0,6.0,5.0,6.0
10032,40,51,111.158,"bicycle,escooter,walk",1.0506819402197303,0.578704682366485,0.6805467427199587,0.2121915287768446,6.0,6.0,5.0,6.0
10033,51,38,153.558,"bicycle,escooter,walk",1.0506819402197303,0.578704682366485,0.6805467427199587,0.2121915287768446,6.0,6.0,5.0,6.0
10034,38,37,99.91,"bicycle,escooter,walk",1.0506819402197303,0.578704682366485,0.6805467427199587,0.2121915287768446,6.0,6.0,5.0,6.0
10035,37,36,133.13,"bicycle,escooter,walk",1.0506819402197303,0.578704682366485,0.6805467427199587,0.2121915287768446,6.0,6.0,5.0,6.0
10036,51,50,118.288,"bicycle,escooter,walk",0.448512199662515,-2.005076146614639,-1.23652217427958,-0.04850561014390001,6.0,4.0,3.0,6.0
10037,50,34,43.78,"bicycle,escooter,walk",0.6006585435037984,-2.582668936171085,-1.707140736470561,-0.3353889704119595,6.0,3.0,3.0,6.0
10038,50,49,48.275,"bicycle,escooter,walk",0.6006585435037984,-2.582668936171085,-1.707140736470561,-0.3353889704119595,6.0,3.0,3.0,6.0
10039,18,32,115.257,car,-0.4050534631739917,-3.144643461197096,-2.370135388004081,-0.5186574549244894,5.0,3.0,2.0,6.0
10040,35,36,115.493,"car,bicycle,escooter,walk",-0.950003638839839,-3.378015881028591,-2.67841431306217,-1.6455544063179741,4.0,2.0,2.0,4.0
10041,52,37,116.187,"car,bicycle,escooter,walk",-1.010423941292802,-3.888508812726881,-3.3627304148769497,-2.71891339910385,4.0,2.0,2.0,3.0
10042,38,33,117.539,"car,bicycle,escooter,walk",-0.004711934615011959,-3.3265342877008703,-2.69973576334343,-2.53564491459132,5.0,2.0,2.0,4.0
10043,39,40,123.285,"car,bicycle,escooter,walk",0.49526830750889506,-3.109892025209849,-2.40900892947178,-1.43767100746215,6.0,3.0,2.0,5.0
10044,44,43,124.549,"car,bicycle,escooter,walk",0.05570836783795108,-2.81604135600258,-2.01541966152865,-1.462285921805444,5.0,3.0,2.0,5.0
10045,41,42,122.047,"car,bicycle,escooter,walk",-0.510443699168895,-3.67186655023586,-3.0720035810053,-1.62093949197468,5.0,2.0,2.0,4.0
10046,45,46,121.143,"bicycle,escooter,walk",-0.557199807015275,-2.56705067164065,-1.8995168258131,-0.23177409465643,5.0,3.0,3.0,6.0
10047,45,47,50.022,"car,bicycle,escooter,walk",0.6006585435037984,-2.582668936171085,-1.707140736470561,-0.3353889704119595,6.0,3.0,3.0,6.0
10048,30,155,103.638,car,0.6006585435037984,-2.582668936171085,-1.707140736470561,-0.3353889704119595,6.0,3.0,3.0,6.0
10049,31,32,87.894,"car,bicycle,escooter,walk",0.6006585435037984,-2.582668936171085,-1.707140736470561,-0.3353889704119595,6.0,3.0,3.0,6.0
10050,32,35,42.603,car,0.6006585435037984,-2.582668936171085,-1.707140736470561,-0.3353889704119595,6.0,3.0,3.0,6.0
10051,35,52,129.38,car,0.6006585435037984,-2.582668936171085,-1.707140736470561,-0.3353889704119595,6.0,3.0,3.0,6.0
10052,52,33,100.92,car,0.6006585435037984,-2.582668936171085,-1.707140736470561,-0.3353889704119595,6.0,3.0,3.0,6.0
10053,33,34,113.348,car,0.6006585435037984,-2.582668936171085,-1.707140736470561,-0.3353889704119595,6.0,3.0,3.0,6.0
10054,34,50,43.78,car,0.6006585435037984,-2.582668936171085,-1.707140736470561,-0.3353889704119595,6.0,3.0,3.0,6.0
10055,50,49,48.275,car,0.6006585435037984,-2.582668936171085,-1.707140736470561,-0.3353889704119595,6.0,3.0,3.0,6.0
10056,49,39,86.655,car,0.6006585435037984,-2.582668936171085,-1.707140736470561,-0.3353889704119595,6.0,3.0,3.0,6.0
10057,39,43,86.405,car,0.6006585435037984,-2.582668936171085,-1.707140736470561,-0.3353889704119595,6.0,3.0,3.0,6.0
10058,43,41,79.177,car,0.6006585435037984,-2.582668936171085,-1.707140736470561,-0.3353889704119595,6.0,3.0,3.0,6.0
10059,41,45,108.582,car,0.6006585435037984,-2.582668936171085,-1.707140736470561,-0.3353889704119595,6.0,3.0,3.0,6.0
10060,45,47,50.022,car,0.6006585435037984,-2.582668936171085,-1.707140736470561,-0.3353889704119595,6.0,3.0,3.0,6.0
10061,48,47,124.451,"car,bicycle,escooter,walk",0.7790165179162114,-2.2917387085310823,-1.345615580230937,0.3960499501306005,6.0,3.0,3.0,6.0
10062,14,48,418.223,car,0.6006585435037984,-2.582668936171085,-1.707140736470561,-0.3353889704119595,6.0,3.0,3.0,6.0
10063,48,14,418.223,car,0.7790165179162114,-2.2917387085310823,-1.345615580230937,0.3960499501306005,6.0,3.0,3.0,6.0
10064,14,48,418.223,"bicycle,escooter,walk",0.7790165179162114,-2.2917387085310823,-1.345615580230937,0.3960499501306005,6.0,3.0,3.0,6.0
10065,53,259,133.585,"car,bicycle,escooter,walk",0.7340465843742711,-2.308468865871556,-1.363167671417376,0.36712690586628594,6.0,3.0,3.0,6.0
10066,47,53,135.806,car,0.7790165179162114,-2.2917387085310823,-1.345615580230937,0.3960499501306005,6.0,3.0,3.0,6.0
10067,47,53,135.806,"bicycle,escooter,walk",0.7790165179162114,-2.2917387085310823,-1.345615580230937,0.3960499501306005,6.0,3.0,3.0,6.0
10068,54,48,135.436,"bicycle,escooter,walk",0.7790165179162114,-2.2917387085310823,-1.345615580230937,0.3960499501306005,6.0,3.0,3.0,6.0
10069,260,59,130.678,"car,bicycle,escooter,walk",-0.510443699168895,-3.67186655023586,-3.0720035810053,-1.62093949197468,5.0,2.0,2.0,4.0
10070,60,261,107.477,"car,bicycle,escooter,walk",0.49526830750889506,-3.109892025209849,-2.40900892947178,-1.43767100746215,6.0,3.0,2.0,5.0
10071,53,59,90.701,car,0.6006585435037984,-2.582668936171085,-1.707140736470561,-0.3353889704119595,6.0,3.0,3.0,6.0
10072,59,60,85.398,car,0.6006585435037984,-2.582668936171085,-1.707140736470561,-0.3353889704119595,6.0,3.0,3.0,6.0
10073,82,61,132.614,car,0.6006585435037984,-2.582668936171085,-1.707140736470561,-0.3353889704119595,6.0,3.0,3.0,6.0
10074,61,55,55.027,car,0.5402382410508354,-3.0931618678693753,-2.3914568382853414,-1.4087479631978352,6.0,3.0,2.0,5.0
10077,55,58,144.586,car,0.7790165179162114,-2.2917387085310823,-1.345615580230937,0.3960499501306005,6.0,3.0,3.0,6.0
10078,55,58,144.586,"bicycle,escooter,walk",0.7790165179162114,-2.2917387085310823,-1.345615580230937,0.3960499501306005,6.0,3.0,3.0,6.0
10079,58,57,123.815,car,0.7790165179162114,-2.2917387085310823,-1.345615580230937,0.3960499501306005,6.0,3.0,3.0,6.0
10080,58,57,123.815,"bicycle,escooter,walk",0.7790165179162114,-2.2917387085310823,-1.345615580230937,0.3960499501306005,6.0,3.0,3.0,6.0
10081,57,54,93.761,"bicycle,escooter,walk",0.6006585435037984,-2.582668936171085,-1.707140736470561,-0.3353889704119595,6.0,3.0,3.0,6.0
10082,57,54,93.761,car,0.6006585435037984,-2.582668936171085,-1.707140736470561,-0.3353889704119595,6.0,3.0,3.0,6.0
10084,89,55,158.784,"car,bicycle,escooter,walk",0.7790165179162114,-2.2917387085310823,-1.345615580230937,0.3960499501306005,6.0,3.0,3.0,6.0
10085,67,62,885.629,"bicycle,escooter,walk",-0.3788418326028621,-2.2761204440006466,-1.537991669573476,0.49966482588613,5.0,3.0,3.0,6.0
10086,62,63,637.209,"bicycle,escooter,walk",-0.3788418326028621,-2.2761204440006466,-1.537991669573476,0.49966482588613,5.0,3.0,3.0,6.0
10087,63,258,245.032,"bicycle,escooter,walk",-0.3788418326028621,-2.2761204440006466,-1.537991669573476,0.49966482588613,5.0,3.0,3.0,6.0
10088,10,65,375.803,"bicycle,escooter,walk",-0.3788418326028621,-2.2761204440006466,-1.537991669573476,0.49966482588613,5.0,3.0,3.0,6.0
10089,65,258,319.94,"bicycle,escooter,walk",-0.3788418326028621,-2.2761204440006466,-1.537991669573476,0.49966482588613,5.0,3.0,3.0,6.0
10090,13,66,61.99,"bicycle,escooter,walk",0.7790165179162114,-2.2917387085310823,-1.345615580230937,0.3960499501306005,6.0,3.0,3.0,6.0
10091,66,56,112.24,"car,bicycle,escooter,walk",0.7790165179162114,-2.2917387085310823,-1.345615580230937,0.3960499501306005,6.0,3.0,3.0,6.0
10092,67,68,69.105,"car,bicycle,escooter,walk",-0.3788418326028621,-2.2761204440006466,-1.537991669573476,0.49966482588613,5.0,3.0,3.0,6.0
10093,68,13,91.577,"car,bicycle,escooter,walk",-0.3788418326028621,-2.2761204440006466,-1.537991669573476,0.49966482588613,5.0,3.0,3.0,6.0
10094,69,67,171.968,"car,bicycle,escooter,walk",0.448512199662515,-2.005076146614639,-1.23652217427958,-0.04850561014390001,6.0,4.0,3.0,6.0
10095,68,70,126.534,"car,bicycle,escooter,walk",0.49526830750889506,-3.109892025209849,-2.40900892947178,-1.43767100746215,6.0,3.0,2.0,5.0
10096,66,70,113.197,"car,bicycle,escooter,walk",0.49526830750889506,-3.109892025209849,-2.40900892947178,-1.43767100746215,6.0,3.0,2.0,5.0
10097,70,69,68.305,"car,bicycle,escooter,walk",0.49526830750889506,-3.109892025209849,-2.40900892947178,-1.43767100746215,6.0,3.0,2.0,5.0
10098,69,72,184.992,"car,bicycle,escooter,walk",0.673626281921308,-2.8189617975698464,-2.0474837732321562,-0.7062320869195899,6.0,3.0,2.0,5.0
10099,72,73,79.627,"car,bicycle,escooter,walk",0.673626281921308,-2.8189617975698464,-2.0474837732321562,-0.7062320869195899,6.0,3.0,2.0,5.0
10100,73,74,175.325,"car,bicycle,escooter,walk",0.626870174074928,-1.714145918974636,-0.874997018039956,0.68293331039866,6.0,4.0,4.0,6.0
10101,74,75,34.039,"car,bicycle,escooter,walk",0.673626281921308,-2.8189617975698464,-2.0474837732321562,-0.7062320869195899,6.0,3.0,2.0,5.0
10102,75,76,205.52,"car,bicycle,escooter,walk",-0.332085724756482,-3.380936322595857,-2.710478424765676,-0.88950057143212,5.0,2.0,2.0,5.0
10103,73,76,38.983,"car,bicycle,escooter,walk",-0.332085724756482,-3.380936322595857,-2.710478424765676,-0.88950057143212,5.0,2.0,2.0,5.0
10104,76,77,51.538,"car,bicycle,escooter,walk",0.7340465843742711,-2.308468865871556,-1.363167671417376,0.36712690586628594,6.0,3.0,3.0,6.0
10105,77,78,81.482,"car,bicycle,escooter,walk",0.7340465843742711,-2.308468865871556,-1.363167671417376,0.36712690586628594,6.0,3.0,3.0,6.0
10106,78,79,100.051,"car,bicycle,escooter,walk",-0.332085724756482,-3.380936322595857,-2.710478424765676,-0.88950057143212,5.0,2.0,2.0,5.0
10107,79,80,56.432,"car,bicycle,escooter,walk",-0.332085724756482,-3.380936322595857,-2.710478424765676,-0.88950057143212,5.0,2.0,2.0,5.0
10108,80,81,23.29,"car,bicycle,escooter,walk",0.673626281921308,-2.8189617975698464,-2.0474837732321562,-0.7062320869195899,6.0,3.0,2.0,5.0
10109,81,60,76.726,"car,bicycle,escooter,walk",-0.510443699168895,-3.67186655023586,-3.0720035810053,-1.62093949197468,5.0,2.0,2.0,4.0
10110,60,82,27.759,car,0.6006585435037984,-2.582668936171085,-1.707140736470561,-0.3353889704119595,6.0,3.0,3.0,6.0
10111,89,90,47.146,"car,bicycle,escooter,walk",0.6006585435037984,-2.582668936171085,-1.707140736470561,-0.3353889704119595,6.0,3.0,3.0,6.0
10112,90,91,38.113,"car,bicycle,escooter,walk",0.6006585435037984,-2.582668936171085,-1.707140736470561,-0.3353889704119595,6.0,3.0,3.0,6.0
10113,56,91,54.246,"car,bicycle,escooter,walk",0.6006585435037984,-2.582668936171085,-1.707140736470561,-0.3353889704119595,6.0,3.0,3.0,6.0
10114,8000,80000,89.041,"car,bicycle,escooter,walk",0.17364603979740104,-3.0356040600608676,-2.3382106071038056,-1.80420599404876,5.0,3.0,2.0,4.0
10115,99,56,520.849,"bicycle,escooter,walk",0.684089738966296,0.6362624901749929,0.733792973901494,-0.18326650207408013,6.0,6.0,6.0,6.0
10116,12,99,150.565,"car,bicycle,escooter,walk",0.7790165179162114,-2.2917387085310823,-1.345615580230937,0.3960499501306005,6.0,3.0,3.0,6.0
10117,14,12,657.853,"car,bicycle,escooter,walk",0.7340465843742711,-2.308468865871556,-1.363167671417376,0.36712690586628594,6.0,3.0,3.0,6.0
10118,102,103,202.686,"car,bicycle,escooter,walk",0.6006585435037984,-2.582668936171085,-1.707140736470561,-0.3353889704119595,6.0,3.0,3.0,6.0
10119,103,13,133.098,"car,bicycle,escooter,walk",0.6006585435037984,-2.582668936171085,-1.707140736470561,-0.3353889704119595,6.0,3.0,3.0,6.0
10120,99,100,147.584,car,0.49526830750889506,-3.109892025209849,-2.40900892947178,-1.43767100746215,6.0,3.0,2.0,5.0
10121,100,101,143.312,car,0.5556886099618581,-2.599399093511559,-1.724692827657,-0.36431201467627405,6.0,3.0,3.0,6.0
10122,101,102,180.983,car,0.49526830750889506,-3.109892025209849,-2.40900892947178,-1.43767100746215,6.0,3.0,2.0,5.0
10123,90,88,75.66,"car,bicycle,escooter,walk",0.673626281921308,-2.8189617975698464,-2.0474837732321562,-0.7062320869195899,6.0,3.0,2.0,5.0
10124,88,97,45.166,"car,bicycle,escooter,walk",0.673626281921308,-2.8189617975698464,-2.0474837732321562,-0.7062320869195899,6.0,3.0,2.0,5.0
10125,97,87,44.439,"car,bicycle,escooter,walk",0.673626281921308,-2.8189617975698464,-2.0474837732321562,-0.7062320869195899,6.0,3.0,2.0,5.0
10126,87,85,94.472,"car,bicycle,escooter,walk",0.673626281921308,-2.8189617975698464,-2.0474837732321562,-0.7062320869195899,6.0,3.0,2.0,5.0
10127,89,96,41.312,"car,bicycle,escooter,walk",0.673626281921308,-2.8189617975698464,-2.0474837732321562,-0.7062320869195899,6.0,3.0,2.0,5.0
10128,96,88,48.944,"car,bicycle,escooter,walk",0.673626281921308,-2.8189617975698464,-2.0474837732321562,-0.7062320869195899,6.0,3.0,2.0,5.0
10129,88,98,17.168,"car,bicycle,escooter,walk",0.673626281921308,-2.8189617975698464,-2.0474837732321562,-0.7062320869195899,6.0,3.0,2.0,5.0
10130,98,95,77.764,"car,bicycle,escooter,walk",0.673626281921308,-2.8189617975698464,-2.0474837732321562,-0.7062320869195899,6.0,3.0,2.0,5.0
10131,95,94,37.034,"car,bicycle,escooter,walk",0.673626281921308,-2.8189617975698464,-2.0474837732321562,-0.7062320869195899,6.0,3.0,2.0,5.0
10132,94,93,74.088,"car,bicycle,escooter,walk",-0.510443699168895,-3.67186655023586,-3.0720035810053,-1.62093949197468,5.0,2.0,2.0,4.0
10133,93,56,42.352,"car,bicycle,escooter,walk",0.49526830750889506,-3.109892025209849,-2.40900892947178,-1.43767100746215,6.0,3.0,2.0,5.0
10134,93,92,52.984,"car,bicycle,escooter,walk",-0.332085724756482,-3.380936322595857,-2.710478424765676,-0.88950057143212,5.0,2.0,2.0,5.0
10135,91,92,48.508,"car,bicycle,escooter,walk",-0.510443699168895,-3.67186655023586,-3.0720035810053,-1.62093949197468,5.0,2.0,2.0,4.0
10136,92,98,51.419,"car,bicycle,escooter,walk",0.49526830750889506,-3.109892025209849,-2.40900892947178,-1.43767100746215,6.0,3.0,2.0,5.0
10137,61,97,92.313,"car,bicycle,escooter,walk",-0.510443699168895,-3.67186655023586,-3.0720035810053,-1.62093949197468,5.0,2.0,2.0,4.0
10138,79,84,27.87,"car,bicycle,escooter,walk",-0.332085724756482,-3.380936322595857,-2.710478424765676,-0.88950057143212,5.0,2.0,2.0,5.0
10139,84,85,68.908,"car,bicycle,escooter,walk",-0.332085724756482,-3.380936322595857,-2.710478424765676,-0.88950057143212,5.0,2.0,2.0,5.0
10140,85,86,25.174,"car,bicycle,escooter,walk",-0.332085724756482,-3.380936322595857,-2.710478424765676,-0.88950057143212,5.0,2.0,2.0,5.0
10141,86,78,73.835,"car,bicycle,escooter,walk",-0.332085724756482,-3.380936322595857,-2.710478424765676,-0.88950057143212,5.0,2.0,2.0,5.0
10142,81,83,51.045,"car,bicycle,escooter,walk",0.49526830750889506,-3.109892025209849,-2.40900892947178,-1.43767100746215,6.0,3.0,2.0,5.0
10143,83,61,99.764,"car,bicycle,escooter,walk",-0.510443699168895,-3.67186655023586,-3.0720035810053,-1.62093949197468,5.0,2.0,2.0,4.0
10144,82,83,66.794,"car,bicycle,escooter,walk",-0.510443699168895,-3.67186655023586,-3.0720035810053,-1.62093949197468,5.0,2.0,2.0,4.0
10145,81,108,81.008,"car,bicycle,escooter,walk",-0.510443699168895,-3.67186655023586,-3.0720035810053,-1.62093949197468,5.0,2.0,2.0,4.0
10146,108,109,41.172,"car,bicycle,escooter,walk",-0.510443699168895,-3.67186655023586,-3.0720035810053,-1.62093949197468,5.0,2.0,2.0,4.0
10147,109,110,49.175,"car,bicycle,escooter,walk",-0.510443699168895,-3.67186655023586,-3.0720035810053,-1.62093949197468,5.0,2.0,2.0,4.0
10148,110,111,138.239,"car,bicycle,escooter,walk",0.5556886099618581,-2.599399093511559,-1.724692827657,-0.36431201467627405,6.0,3.0,3.0,6.0
10149,125,80,124.838,"car,bicycle,escooter,walk",0.7340465843742711,-2.308468865871556,-1.363167671417376,0.36712690586628594,6.0,3.0,3.0,6.0
10150,112,79,120.633,"car,bicycle,escooter,walk",0.49526830750889506,-3.109892025209849,-2.40900892947178,-1.43767100746215,6.0,3.0,2.0,5.0
10151,114,113,136.993,"car,bicycle,escooter,walk",0.5556886099618581,-2.599399093511559,-1.724692827657,-0.36431201467627405,6.0,3.0,3.0,6.0
10152,113,112,56.885,"car,bicycle,escooter,walk",-0.332085724756482,-3.380936322595857,-2.710478424765676,-0.88950057143212,5.0,2.0,2.0,5.0
10153,118,119,193.15,"car,bicycle,escooter,walk",-0.3788418326028621,-2.2761204440006466,-1.537991669573476,0.49966482588613,5.0,3.0,3.0,6.0
10154,118,77,103.831,"car,bicycle,escooter,walk",0.626870174074928,-1.714145918974636,-0.874997018039956,0.68293331039866,6.0,4.0,4.0,6.0
10155,75,120,48.942,"bicycle,escooter,walk",-0.557199807015275,-2.56705067164065,-1.8995168258131,-0.23177409465643,5.0,3.0,3.0,6.0
10156,120,119,55.843,"car,bicycle,escooter,walk",0.7340465843742711,-2.308468865871556,-1.363167671417376,0.36712690586628594,6.0,3.0,3.0,6.0
10157,127,132,96.35,"bicycle,escooter,walk",0.448512199662515,-2.005076146614639,-1.23652217427958,-0.04850561014390001,6.0,4.0,3.0,6.0
10158,132,122,50.278,"bicycle,escooter,walk",0.448512199662515,-2.005076146614639,-1.23652217427958,-0.04850561014390001,6.0,4.0,3.0,6.0
10159,121,122,50.302,"car,bicycle,escooter,walk",0.49526830750889506,-3.109892025209849,-2.40900892947178,-1.43767100746215,6.0,3.0,2.0,5.0
10160,121,119,121.788,"car,bicycle,escooter,walk",0.7340465843742711,-2.308468865871556,-1.363167671417376,0.36712690586628594,6.0,3.0,3.0,6.0
10161,59,108,76.194,"car,bicycle,escooter,walk",-0.510443699168895,-3.67186655023586,-3.0720035810053,-1.62093949197468,5.0,2.0,2.0,4.0
10162,109,125,47.625,"car,bicycle,escooter,walk",0.49526830750889506,-3.109892025209849,-2.40900892947178,-1.43767100746215,6.0,3.0,2.0,5.0
10163,125,112,25.891,"car,bicycle,escooter,walk",0.49526830750889506,-3.109892025209849,-2.40900892947178,-1.43767100746215,6.0,3.0,2.0,5.0
10165,116,118,141.09,"car,bicycle,escooter,walk",0.49526830750889506,-3.109892025209849,-2.40900892947178,-1.43767100746215,6.0,3.0,2.0,5.0
10166,78,116,101.208,"car,bicycle,escooter,walk",0.7340465843742711,-2.308468865871556,-1.363167671417376,0.36712690586628594,6.0,3.0,3.0,6.0
10167,112,134,37.443,"car,bicycle,escooter,walk",0.49526830750889506,-3.109892025209849,-2.40900892947178,-1.43767100746215,6.0,3.0,2.0,5.0
10168,134,133,55.971,"car,bicycle,escooter,walk",0.49526830750889506,-3.109892025209849,-2.40900892947178,-1.43767100746215,6.0,3.0,2.0,5.0
10169,133,116,44.486,"car,bicycle,escooter,walk",0.49526830750889506,-3.109892025209849,-2.40900892947178,-1.43767100746215,6.0,3.0,2.0,5.0
10170,123,133,74.598,"car,bicycle,escooter,walk",0.49526830750889506,-3.109892025209849,-2.40900892947178,-1.43767100746215,6.0,3.0,2.0,5.0
10171,124,134,64.608,"car,bicycle,escooter,walk",0.49526830750889506,-3.109892025209849,-2.40900892947178,-1.43767100746215,6.0,3.0,2.0,5.0
10172,126,128,145.483,"car,bicycle,escooter,walk",0.673626281921308,-2.8189617975698464,-2.0474837732321562,-0.7062320869195899,6.0,3.0,2.0,5.0
10173,53,110,78.776,"car,bicycle,escooter,walk",0.05570836783795108,-2.81604135600258,-2.01541966152865,-1.462285921805444,5.0,3.0,2.0,5.0
10174,110,113,72.346,"car,bicycle,escooter,walk",0.7340465843742711,-2.308468865871556,-1.363167671417376,0.36712690586628594,6.0,3.0,3.0,6.0
10175,113,124,45.785,"car,bicycle,escooter,walk",0.5556886099618581,-2.599399093511559,-1.724692827657,-0.36431201467627405,6.0,3.0,3.0,6.0
10176,124,123,49.332,"car,bicycle,escooter,walk",0.5556886099618581,-2.599399093511559,-1.724692827657,-0.36431201467627405,6.0,3.0,3.0,6.0
10177,123,117,45.195,"car,bicycle,escooter,walk",0.5556886099618581,-2.599399093511559,-1.724692827657,-0.36431201467627405,6.0,3.0,3.0,6.0
10178,117,121,308.938,"car,bicycle,escooter,walk",0.23406634225036407,-2.5251111283625773,-1.6538945052890262,-0.730847001262884,5.0,3.0,3.0,5.0
10179,126,132,401.266,"car,bicycle,escooter,walk",-0.510443699168895,-3.67186655023586,-3.0720035810053,-1.62093949197468,5.0,2.0,2.0,4.0
10180,47,111,82.828,"car,bicycle,escooter,walk",-0.510443699168895,-3.67186655023586,-3.0720035810053,-1.62093949197468,5.0,2.0,2.0,4.0
10181,111,114,69.588,"car,bicycle,escooter,walk",-0.510443699168895,-3.67186655023586,-3.0720035810053,-1.62093949197468,5.0,2.0,2.0,4.0
10182,114,126,43.715,"car,bicycle,escooter,walk",-0.510443699168895,-3.67186655023586,-3.0720035810053,-1.62093949197468,5.0,2.0,2.0,4.0
10183,122,17,122.509,"car,bicycle,escooter,walk",0.5402382410508354,-3.0931618678693753,-2.3914568382853414,-1.4087479631978352,6.0,3.0,2.0,5.0
10184,132,131,124.816,"car,bicycle,escooter,walk",0.673626281921308,-2.8189617975698464,-2.0474837732321562,-0.7062320869195899,6.0,3.0,2.0,5.0
10185,130,129,102.369,"car,bicycle,escooter,walk",0.49526830750889506,-3.109892025209849,-2.40900892947178,-1.43767100746215,6.0,3.0,2.0,5.0
10186,129,127,37.886,"car,bicycle,escooter,walk",-0.510443699168895,-3.67186655023586,-3.0720035810053,-1.62093949197468,5.0,2.0,2.0,4.0
10187,127,128,286.576,"car,bicycle,escooter,walk",-0.450023396715932,-3.16137361853757,-2.38768747919052,-0.547580499188804,5.0,2.0,2.0,6.0
10189,115,41,76.532,"car,bicycle,escooter,walk",0.7790165179162114,-2.2917387085310823,-1.345615580230937,0.3960499501306005,6.0,3.0,3.0,6.0
10190,128,151,55.262,"car,bicycle,escooter,walk",0.5556886099618581,-2.599399093511559,-1.724692827657,-0.36431201467627405,6.0,3.0,3.0,6.0
10191,151,152,35.292,"car,bicycle,escooter,walk",0.5556886099618581,-2.599399093511559,-1.724692827657,-0.36431201467627405,6.0,3.0,3.0,6.0
10192,152,115,59.438,"car,bicycle,escooter,walk",0.7340465843742711,-2.308468865871556,-1.363167671417376,0.36712690586628594,6.0,3.0,3.0,6.0
10193,114,115,99.011,"car,bicycle,escooter,walk",0.49526830750889506,-3.109892025209849,-2.40900892947178,-1.43767100746215,6.0,3.0,2.0,5.0
10194,32,146,46.412,"bicycle,escooter,walk",-0.3788418326028621,-2.2761204440006466,-1.537991669573476,0.49966482588613,5.0,3.0,3.0,6.0
10195,146,154,72.336,"car,bicycle,escooter,walk",0.626870174074928,-1.714145918974636,-0.874997018039956,0.68293331039866,6.0,4.0,4.0,6.0
10196,154,52,117.996,"car,bicycle,escooter,walk",0.673626281921308,-2.8189617975698464,-2.0474837732321562,-0.7062320869195899,6.0,3.0,2.0,5.0
10197,154,144,116.824,"bicycle,escooter,walk",0.626870174074928,-1.714145918974636,-0.874997018039956,0.68293331039866,6.0,4.0,4.0,6.0
10198,144,145,132.354,"bicycle,escooter,walk",0.626870174074928,-1.714145918974636,-0.874997018039956,0.68293331039866,6.0,4.0,4.0,6.0
10199,145,127,209.016,"bicycle,escooter,walk",0.448512199662515,-2.005076146614639,-1.23652217427958,-0.04850561014390001,6.0,4.0,3.0,6.0
10200,17,131,68.907,"car,bicycle,escooter,walk",0.6006585435037984,-2.582668936171085,-1.707140736470561,-0.3353889704119595,6.0,3.0,3.0,6.0
10201,257,130,99.632,"car,bicycle,escooter,walk",0.6006585435037984,-2.582668936171085,-1.707140736470561,-0.3353889704119595,6.0,3.0,3.0,6.0
10202,130,153,103.535,"car,bicycle,escooter,walk",0.05570836783795108,-2.81604135600258,-2.01541966152865,-1.462285921805444,5.0,3.0,2.0,5.0
10203,153,135,88.385,"car,bicycle,escooter,walk",0.6006585435037984,-2.582668936171085,-1.707140736470561,-0.3353889704119595,6.0,3.0,3.0,6.0
10204,135,136,135.628,"car,bicycle,escooter,walk",0.05570836783795108,-2.81604135600258,-2.01541966152865,-1.462285921805444,5.0,3.0,2.0,5.0
10205,136,137,185.634,"car,bicycle,escooter,walk",0.23406634225036407,-2.5251111283625773,-1.6538945052890262,-0.730847001262884,5.0,3.0,3.0,5.0
10206,155,31,54.564,"car,bicycle,escooter,walk",-0.4050534631739917,-3.144643461197096,-2.370135388004081,-0.5186574549244894,5.0,3.0,2.0,6.0
10207,137,155,116.868,"car,bicycle,escooter,walk",0.6006585435037984,-2.582668936171085,-1.707140736470561,-0.3353889704119595,6.0,3.0,3.0,6.0
10208,33,142,78.942,"car,bicycle,escooter,walk",0.49526830750889506,-3.109892025209849,-2.40900892947178,-1.43767100746215,6.0,3.0,2.0,5.0
10209,142,144,128.786,"car,bicycle,escooter,walk",0.5556886099618581,-2.599399093511559,-1.724692827657,-0.36431201467627405,6.0,3.0,3.0,6.0
10210,144,136,124.068,"car,bicycle,escooter,walk",0.5556886099618581,-2.599399093511559,-1.724692827657,-0.36431201467627405,6.0,3.0,3.0,6.0
10211,135,145,120.044,"car,bicycle,escooter,walk",-0.450023396715932,-3.16137361853757,-2.38768747919052,-0.547580499188804,5.0,2.0,2.0,6.0
10212,145,140,46.125,"car,bicycle,escooter,walk",-0.450023396715932,-3.16137361853757,-2.38768747919052,-0.547580499188804,5.0,2.0,2.0,6.0
10213,140,141,94.212,"car,bicycle,escooter,walk",-0.450023396715932,-3.16137361853757,-2.38768747919052,-0.547580499188804,5.0,2.0,2.0,6.0
10214,141,143,43.796,"car,bicycle,escooter,walk",-0.450023396715932,-3.16137361853757,-2.38768747919052,-0.547580499188804,5.0,2.0,2.0,6.0
10215,143,34,131.811,"car,bicycle,escooter,walk",-0.450023396715932,-3.16137361853757,-2.38768747919052,-0.547580499188804,5.0,2.0,2.0,6.0
10216,148,143,92.326,"car,bicycle,escooter,walk",-0.271665422303519,-2.8704433908975666,-2.0261623229508956,0.18385842135375596,5.0,3.0,2.0,6.0
10217,147,148,59.34,"car,bicycle,escooter,walk",-0.271665422303519,-2.8704433908975666,-2.0261623229508956,0.18385842135375596,5.0,3.0,2.0,6.0
10218,49,148,134.924,"car,bicycle,escooter,walk",0.7340465843742711,-2.308468865871556,-1.363167671417376,0.36712690586628594,6.0,3.0,3.0,6.0
10219,39,150,52.429,"car,bicycle,escooter,walk",-0.510443699168895,-3.67186655023586,-3.0720035810053,-1.62093949197468,5.0,2.0,2.0,4.0
10220,150,149,24.035,"car,bicycle,escooter,walk",-0.510443699168895,-3.67186655023586,-3.0720035810053,-1.62093949197468,5.0,2.0,2.0,4.0
10221,149,147,66.561,"car,bicycle,escooter,walk",-0.510443699168895,-3.67186655023586,-3.0720035810053,-1.62093949197468,5.0,2.0,2.0,4.0
10222,137,146,125.027,"car,bicycle,escooter,walk",-0.510443699168895,-3.67186655023586,-3.0720035810053,-1.62093949197468,5.0,2.0,2.0,4.0
10223,141,142,122.598,"car,bicycle,escooter,walk",-0.450023396715932,-3.16137361853757,-2.38768747919052,-0.547580499188804,5.0,2.0,2.0,6.0
10224,152,150,111.85,"car,bicycle,escooter,walk",-0.450023396715932,-3.16137361853757,-2.38768747919052,-0.547580499188804,5.0,2.0,2.0,6.0
10225,149,151,92.084,"car,bicycle,escooter,walk",-0.510443699168895,-3.67186655023586,-3.0720035810053,-1.62093949197468,5.0,2.0,2.0,4.0
10226,128,139,33.599,"car,bicycle,escooter,walk",0.7340465843742711,-2.308468865871556,-1.363167671417376,0.36712690586628594,6.0,3.0,3.0,6.0
10227,139,138,78.334,"car,bicycle,escooter,walk",0.7340465843742711,-2.308468865871556,-1.363167671417376,0.36712690586628594,6.0,3.0,3.0,6.0
10228,138,140,196.45,"car,bicycle,escooter,walk",0.7340465843742711,-2.308468865871556,-1.363167671417376,0.36712690586628594,6.0,3.0,3.0,6.0
10229,119,165,76.487,"car,bicycle,escooter,walk",0.5556886099618581,-2.599399093511559,-1.724692827657,-0.36431201467627405,6.0,3.0,3.0,6.0
10230,165,164,101.129,"car,bicycle,escooter,walk",-0.510443699168895,-3.67186655023586,-3.0720035810053,-1.62093949197468,5.0,2.0,2.0,4.0
10231,173,165,22.082,"car,bicycle,escooter,walk",0.5556886099618581,-2.599399093511559,-1.724692827657,-0.36431201467627405,6.0,3.0,3.0,6.0
10232,166,173,32.812,"car,bicycle,escooter,walk",0.5556886099618581,-2.599399093511559,-1.724692827657,-0.36431201467627405,6.0,3.0,3.0,6.0
10233,173,120,63.598,"car,bicycle,escooter,walk",0.7340465843742711,-2.308468865871556,-1.363167671417376,0.36712690586628594,6.0,3.0,3.0,6.0
10234,160,166,87.046,"car,bicycle,escooter,walk",0.5556886099618581,-2.599399093511559,-1.724692827657,-0.36431201467627405,6.0,3.0,3.0,6.0
10235,162,161,62.674,"car,bicycle,escooter,walk",-0.510443699168895,-3.67186655023586,-3.0720035810053,-1.62093949197468,5.0,2.0,2.0,4.0
10236,161,160,21.53,"car,bicycle,escooter,walk",-0.510443699168895,-3.67186655023586,-3.0720035810053,-1.62093949197468,5.0,2.0,2.0,4.0
10237,163,162,46.962,"car,bicycle,escooter,walk",-0.510443699168895,-3.67186655023586,-3.0720035810053,-1.62093949197468,5.0,2.0,2.0,4.0
10238,164,161,57.603,"car,bicycle,escooter,walk",-0.510443699168895,-3.67186655023586,-3.0720035810053,-1.62093949197468,5.0,2.0,2.0,4.0
10239,164,163,78.05,"car,bicycle,escooter,walk",-0.510443699168895,-3.67186655023586,-3.0720035810053,-1.62093949197468,5.0,2.0,2.0,4.0
10240,160,157,41.477,"car,bicycle,escooter,walk",-0.332085724756482,-3.380936322595857,-2.710478424765676,-0.88950057143212,5.0,2.0,2.0,5.0
10241,157,158,60.636,"car,bicycle,escooter,walk",-0.332085724756482,-3.380936322595857,-2.710478424765676,-0.88950057143212,5.0,2.0,2.0,5.0
10242,158,159,18.184,"car,bicycle,escooter,walk",-0.332085724756482,-3.380936322595857,-2.710478424765676,-0.88950057143212,5.0,2.0,2.0,5.0
10243,159,156,58.343,"car,bicycle,escooter,walk",-0.332085724756482,-3.380936322595857,-2.710478424765676,-0.88950057143212,5.0,2.0,2.0,5.0
10244,156,157,28.22,"car,bicycle,escooter,walk",-0.332085724756482,-3.380936322595857,-2.710478424765676,-0.88950057143212,5.0,2.0,2.0,5.0
10245,17,167,43.368,"car,bicycle,escooter,walk",0.05570836783795108,-2.81604135600258,-2.01541966152865,-1.462285921805444,5.0,3.0,2.0,5.0
10246,167,168,42.104,"car,bicycle,escooter,walk",0.05570836783795108,-2.81604135600258,-2.01541966152865,-1.462285921805444,5.0,3.0,2.0,5.0
10247,168,169,28.765,"car,bicycle,escooter,walk",0.05570836783795108,-2.81604135600258,-2.01541966152865,-1.462285921805444,5.0,3.0,2.0,5.0
10248,169,170,108.877,"car,bicycle,escooter,walk",0.05570836783795108,-2.81604135600258,-2.01541966152865,-1.462285921805444,5.0,3.0,2.0,5.0
10249,170,171,74.592,"car,bicycle,escooter,walk",0.05570836783795108,-2.81604135600258,-2.01541966152865,-1.462285921805444,5.0,3.0,2.0,5.0
10250,171,172,60.351,"car,bicycle,escooter,walk",0.05570836783795108,-2.81604135600258,-2.01541966152865,-1.462285921805444,5.0,3.0,2.0,5.0
10251,172,64,85.057,"car,bicycle,escooter,walk",0.05570836783795108,-2.81604135600258,-2.01541966152865,-1.462285921805444,5.0,3.0,2.0,5.0
10252,20,177,91.598,"car,bicycle,escooter,walk",-0.271665422303519,-2.8704433908975666,-2.0261623229508956,0.18385842135375596,5.0,3.0,2.0,6.0
10253,177,176,112.3,"car,bicycle,escooter,walk",-0.510443699168895,-3.67186655023586,-3.0720035810053,-1.62093949197468,5.0,2.0,2.0,4.0
10254,21,176,90.802,"car,bicycle,escooter,walk",-0.450023396715932,-3.16137361853757,-2.38768747919052,-0.547580499188804,5.0,2.0,2.0,6.0
10255,176,178,55.933,"car,bicycle,escooter,walk",-0.450023396715932,-3.16137361853757,-2.38768747919052,-0.547580499188804,5.0,2.0,2.0,6.0
10256,178,179,69.997,"car,bicycle,escooter,walk",-0.450023396715932,-3.16137361853757,-2.38768747919052,-0.547580499188804,5.0,2.0,2.0,6.0
10257,179,175,81.065,"car,bicycle,escooter,walk",-0.450023396715932,-3.16137361853757,-2.38768747919052,-0.547580499188804,5.0,2.0,2.0,6.0
10258,175,174,27.497,"car,bicycle,escooter,walk",-0.22669548876157872,-2.8537132335570927,-2.0086102317644574,0.21278146561807054,5.0,3.0,2.0,6.0
10259,174,64,37.64,"car,bicycle,escooter,walk",-0.22669548876157872,-2.8537132335570927,-2.0086102317644574,0.21278146561807054,5.0,3.0,2.0,6.0
10260,175,180,49.857,"car,bicycle,escooter,walk",-0.510443699168895,-3.67186655023586,-3.0720035810053,-1.62093949197468,5.0,2.0,2.0,4.0
10261,180,192,57.649,"car,bicycle,escooter,walk",-0.510443699168895,-3.67186655023586,-3.0720035810053,-1.62093949197468,5.0,2.0,2.0,4.0
10262,192,183,37.398,"car,bicycle,escooter,walk",-0.510443699168895,-3.67186655023586,-3.0720035810053,-1.62093949197468,5.0,2.0,2.0,4.0
10263,184,183,91.633,"car,bicycle,escooter,walk",-0.510443699168895,-3.67186655023586,-3.0720035810053,-1.62093949197468,5.0,2.0,2.0,4.0
10264,193,184,45.196,"car,bicycle,escooter,walk",-0.510443699168895,-3.67186655023586,-3.0720035810053,-1.62093949197468,5.0,2.0,2.0,4.0
10265,189,193,32.812,"car,bicycle,escooter,walk",-0.510443699168895,-3.67186655023586,-3.0720035810053,-1.62093949197468,5.0,2.0,2.0,4.0
10266,194,189,47.696,"car,bicycle,escooter,walk",-0.510443699168895,-3.67186655023586,-3.0720035810053,-1.62093949197468,5.0,2.0,2.0,4.0
10267,181,218,152.518,"car,bicycle,escooter,walk",-0.510443699168895,-3.67186655023586,-3.0720035810053,-1.62093949197468,5.0,2.0,2.0,4.0
10268,180,179,91.198,"car,bicycle,escooter,walk",0.448512199662515,-2.005076146614639,-1.23652217427958,-0.04850561014390001,6.0,4.0,3.0,6.0
10269,180,181,126.884,"car,bicycle,escooter,walk",0.49526830750889506,-3.109892025209849,-2.40900892947178,-1.43767100746215,6.0,3.0,2.0,5.0
10270,218,22,92.088,"car,bicycle,escooter,walk",-0.510443699168895,-3.67186655023586,-3.0720035810053,-1.62093949197468,5.0,2.0,2.0,4.0
10271,176,218,76.798,"car,bicycle,escooter,walk",-0.510443699168895,-3.67186655023586,-3.0720035810053,-1.62093949197468,5.0,2.0,2.0,4.0
10272,218,219,60.144,"car,bicycle,escooter,walk",-0.510443699168895,-3.67186655023586,-3.0720035810053,-1.62093949197468,5.0,2.0,2.0,4.0
10273,183,182,109.802,"car,bicycle,escooter,walk",-0.510443699168895,-3.67186655023586,-3.0720035810053,-1.62093949197468,5.0,2.0,2.0,4.0
10274,182,219,58.316,"car,bicycle,escooter,walk",-0.271665422303519,-2.8704433908975666,-2.0261623229508956,0.18385842135375596,5.0,3.0,2.0,6.0
10275,219,23,91.244,"car,bicycle,escooter,walk",-0.271665422303519,-2.8704433908975666,-2.0261623229508956,0.18385842135375596,5.0,3.0,2.0,6.0
10276,24,186,153.962,"car,bicycle,escooter,walk",-0.450023396715932,-3.16137361853757,-2.38768747919052,-0.547580499188804,5.0,2.0,2.0,6.0
10277,185,187,61.283,"car,bicycle,escooter,walk",-0.271665422303519,-2.8704433908975666,-2.0261623229508956,0.18385842135375596,5.0,3.0,2.0,6.0
10278,187,195,78.794,"car,bicycle,escooter,walk",-0.510443699168895,-3.67186655023586,-3.0720035810053,-1.62093949197468,5.0,2.0,2.0,4.0
10279,195,203,85.818,"car,bicycle,escooter,walk",-0.510443699168895,-3.67186655023586,-3.0720035810053,-1.62093949197468,5.0,2.0,2.0,4.0
10280,203,205,53.075,"car,bicycle,escooter,walk",-0.510443699168895,-3.67186655023586,-3.0720035810053,-1.62093949197468,5.0,2.0,2.0,4.0
10281,205,206,54.158,"car,bicycle,escooter,walk",-0.510443699168895,-3.67186655023586,-3.0720035810053,-1.62093949197468,5.0,2.0,2.0,4.0
10282,206,135,51.286,"car,bicycle,escooter,walk",-0.510443699168895,-3.67186655023586,-3.0720035810053,-1.62093949197468,5.0,2.0,2.0,4.0
10283,25,188,89.018,"car,bicycle,escooter,walk",-0.510443699168895,-3.67186655023586,-3.0720035810053,-1.62093949197468,5.0,2.0,2.0,4.0
10284,188,187,58.336,"car,bicycle,escooter,walk",-0.510443699168895,-3.67186655023586,-3.0720035810053,-1.62093949197468,5.0,2.0,2.0,4.0
10285,186,188,71.454,"car,bicycle,escooter,walk",-0.510443699168895,-3.67186655023586,-3.0720035810053,-1.62093949197468,5.0,2.0,2.0,4.0
10286,188,211,41.778,"car,bicycle,escooter,walk",-0.510443699168895,-3.67186655023586,-3.0720035810053,-1.62093949197468,5.0,2.0,2.0,4.0
10287,196,211,71.665,"car,bicycle,escooter,walk",-0.510443699168895,-3.67186655023586,-3.0720035810053,-1.62093949197468,5.0,2.0,2.0,4.0
10288,211,197,80.519,"car,bicycle,escooter,walk",-0.510443699168895,-3.67186655023586,-3.0720035810053,-1.62093949197468,5.0,2.0,2.0,4.0
10289,196,26,19.723,"car,bicycle,escooter,walk",-0.450023396715932,-3.16137361853757,-2.38768747919052,-0.547580499188804,5.0,2.0,2.0,6.0
10290,208,221,129.847,"car,bicycle,escooter,walk",-0.510443699168895,-3.67186655023586,-3.0720035810053,-1.62093949197468,5.0,2.0,2.0,4.0
10291,29,217,65.041,"car,bicycle,escooter,walk",-0.510443699168895,-3.67186655023586,-3.0720035810053,-1.62093949197468,5.0,2.0,2.0,4.0
10292,217,213,68.787,"car,bicycle,escooter,walk",-0.510443699168895,-3.67186655023586,-3.0720035810053,-1.62093949197468,5.0,2.0,2.0,4.0
10293,220,208,117.332,"car,bicycle,escooter,walk",-0.510443699168895,-3.67186655023586,-3.0720035810053,-1.62093949197468,5.0,2.0,2.0,4.0
10294,217,216,50.522,"car,bicycle,escooter,walk",-0.510443699168895,-3.67186655023586,-3.0720035810053,-1.62093949197468,5.0,2.0,2.0,4.0
10295,216,137,52.167,"car,bicycle,escooter,walk",-0.510443699168895,-3.67186655023586,-3.0720035810053,-1.62093949197468,5.0,2.0,2.0,4.0
10296,214,215,93.888,"car,bicycle,escooter,walk",0.7340465843742711,-2.308468865871556,-1.363167671417376,0.36712690586628594,6.0,3.0,3.0,6.0
10297,215,216,91.626,"car,bicycle,escooter,walk",0.7340465843742711,-2.308468865871556,-1.363167671417376,0.36712690586628594,6.0,3.0,3.0,6.0
10298,213,220,21.96,"car,bicycle,escooter,walk",-0.510443699168895,-3.67186655023586,-3.0720035810053,-1.62093949197468,5.0,2.0,2.0,4.0
10299,220,215,47.088,"car,bicycle,escooter,walk",0.7340465843742711,-2.308468865871556,-1.363167671417376,0.36712690586628594,6.0,3.0,3.0,6.0
10300,203,204,67.352,"car,bicycle,escooter,walk",-0.510443699168895,-3.67186655023586,-3.0720035810053,-1.62093949197468,5.0,2.0,2.0,4.0
10301,207,210,115.09,"car,bicycle,escooter,walk",-0.510443699168895,-3.67186655023586,-3.0720035810053,-1.62093949197468,5.0,2.0,2.0,4.0
10302,210,28,78.361,"car,bicycle,escooter,walk",-0.510443699168895,-3.67186655023586,-3.0720035810053,-1.62093949197468,5.0,2.0,2.0,4.0
10303,195,200,44.525,"car,bicycle,escooter,walk",-0.450023396715932,-3.16137361853757,-2.38768747919052,-0.547580499188804,5.0,2.0,2.0,6.0
10304,200,197,28.689,"car,bicycle,escooter,walk",-0.450023396715932,-3.16137361853757,-2.38768747919052,-0.547580499188804,5.0,2.0,2.0,6.0
10305,197,199,27.725,"car,bicycle,escooter,walk",-0.450023396715932,-3.16137361853757,-2.38768747919052,-0.547580499188804,5.0,2.0,2.0,6.0
10306,199,209,42.298,"car,bicycle,escooter,walk",-0.450023396715932,-3.16137361853757,-2.38768747919052,-0.547580499188804,5.0,2.0,2.0,6.0
10307,209,212,99.563,"car,bicycle,escooter,walk",-0.450023396715932,-3.16137361853757,-2.38768747919052,-0.547580499188804,5.0,2.0,2.0,6.0
10308,221,205,65.492,"car,bicycle,escooter,walk",-0.510443699168895,-3.67186655023586,-3.0720035810053,-1.62093949197468,5.0,2.0,2.0,4.0
10309,221,204,51.532,"car,bicycle,escooter,walk",-0.450023396715932,-3.16137361853757,-2.38768747919052,-0.547580499188804,5.0,2.0,2.0,6.0
10310,204,198,26.676,"car,bicycle,escooter,walk",-0.450023396715932,-3.16137361853757,-2.38768747919052,-0.547580499188804,5.0,2.0,2.0,6.0
10311,200,201,50.482,"car,bicycle,escooter,walk",-0.450023396715932,-3.16137361853757,-2.38768747919052,-0.547580499188804,5.0,2.0,2.0,6.0
10312,201,198,26.04,"car,bicycle,escooter,walk",-0.450023396715932,-3.16137361853757,-2.38768747919052,-0.547580499188804,5.0,2.0,2.0,6.0
10313,198,202,24.703,"car,bicycle,escooter,walk",-0.450023396715932,-3.16137361853757,-2.38768747919052,-0.547580499188804,5.0,2.0,2.0,6.0
10314,202,199,48.196,"car,bicycle,escooter,walk",-0.450023396715932,-3.16137361853757,-2.38768747919052,-0.547580499188804,5.0,2.0,2.0,6.0
10315,27,212,24.329,"car,bicycle,escooter,walk",-0.510443699168895,-3.67186655023586,-3.0720035810053,-1.62093949197468,5.0,2.0,2.0,4.0
10316,212,210,65.886,"car,bicycle,escooter,walk",-0.510443699168895,-3.67186655023586,-3.0720035810053,-1.62093949197468,5.0,2.0,2.0,4.0
10317,210,213,58.657,"car,bicycle,escooter,walk",-0.510443699168895,-3.67186655023586,-3.0720035810053,-1.62093949197468,5.0,2.0,2.0,4.0
10318,136,214,58.913,"car,bicycle,escooter,walk",-0.450023396715932,-3.16137361853757,-2.38768747919052,-0.547580499188804,5.0,2.0,2.0,6.0
10319,214,208,46.241,"car,bicycle,escooter,walk",-0.450023396715932,-3.16137361853757,-2.38768747919052,-0.547580499188804,5.0,2.0,2.0,6.0
10320,208,207,52.054,"car,bicycle,escooter,walk",-0.450023396715932,-3.16137361853757,-2.38768747919052,-0.547580499188804,5.0,2.0,2.0,6.0
10321,207,209,71.148,"car,bicycle,escooter,walk",-0.450023396715932,-3.16137361853757,-2.38768747919052,-0.547580499188804,5.0,2.0,2.0,6.0
10322,209,196,129.202,"car,bicycle,escooter,walk",-0.450023396715932,-3.16137361853757,-2.38768747919052,-0.547580499188804,5.0,2.0,2.0,6.0
10323,189,190,49.468,"car,bicycle,escooter,walk",-0.510443699168895,-3.67186655023586,-3.0720035810053,-1.62093949197468,5.0,2.0,2.0,4.0
10324,190,187,41.465,"car,bicycle,escooter,walk",-0.510443699168895,-3.67186655023586,-3.0720035810053,-1.62093949197468,5.0,2.0,2.0,4.0
10326,191,184,63.852,"car,bicycle,escooter,walk",-0.510443699168895,-3.67186655023586,-3.0720035810053,-1.62093949197468,5.0,2.0,2.0,4.0
10327,191,190,57.914,"car,bicycle,escooter,walk",-0.510443699168895,-3.67186655023586,-3.0720035810053,-1.62093949197468,5.0,2.0,2.0,4.0
10328,195,194,34.005,"car,bicycle,escooter,walk",-0.510443699168895,-3.67186655023586,-3.0720035810053,-1.62093949197468,5.0,2.0,2.0,4.0
10329,194,242,83.725,"car,bicycle,escooter,walk",-0.510443699168895,-3.67186655023586,-3.0720035810053,-1.62093949197468,5.0,2.0,2.0,4.0
10330,242,241,40.304,"car,bicycle,escooter,walk",-0.510443699168895,-3.67186655023586,-3.0720035810053,-1.62093949197468,5.0,2.0,2.0,4.0
10331,241,236,54.304,"car,bicycle,escooter,walk",-0.510443699168895,-3.67186655023586,-3.0720035810053,-1.62093949197468,5.0,2.0,2.0,4.0
10332,203,245,137.352,"car,bicycle,escooter,walk",-0.510443699168895,-3.67186655023586,-3.0720035810053,-1.62093949197468,5.0,2.0,2.0,4.0
10333,236,245,39.206,"car,bicycle,escooter,walk",0.673626281921308,-2.8189617975698464,-2.0474837732321562,-0.7062320869195899,6.0,3.0,2.0,5.0
10334,245,246,80.521,"car,bicycle,escooter,walk",0.673626281921308,-2.8189617975698464,-2.0474837732321562,-0.7062320869195899,6.0,3.0,2.0,5.0
10335,246,254,81.416,"car,bicycle,escooter,walk",0.49526830750889506,-3.109892025209849,-2.40900892947178,-1.43767100746215,6.0,3.0,2.0,5.0
10336,254,206,59.316,"car,bicycle,escooter,walk",-0.510443699168895,-3.67186655023586,-3.0720035810053,-1.62093949197468,5.0,2.0,2.0,4.0
10337,254,235,75.373,"car,bicycle,escooter,walk",-0.510443699168895,-3.67186655023586,-3.0720035810053,-1.62093949197468,5.0,2.0,2.0,4.0
10338,235,153,18.011,"car,bicycle,escooter,walk",-0.510443699168895,-3.67186655023586,-3.0720035810053,-1.62093949197468,5.0,2.0,2.0,4.0
10339,247,246,77.449,"car,bicycle,escooter,walk",0.49526830750889506,-3.109892025209849,-2.40900892947178,-1.43767100746215,6.0,3.0,2.0,5.0
10340,235,247,25.227,"car,bicycle,escooter,walk",0.49526830750889506,-3.109892025209849,-2.40900892947178,-1.43767100746215,6.0,3.0,2.0,5.0
10341,247,234,51.353,"car,bicycle,escooter,walk",0.49526830750889506,-3.109892025209849,-2.40900892947178,-1.43767100746215,6.0,3.0,2.0,5.0
10342,234,229,91.542,"car,bicycle,escooter,walk",-0.510443699168895,-3.67186655023586,-3.0720035810053,-1.62093949197468,5.0,2.0,2.0,4.0
10343,230,232,57.08,"car,bicycle,escooter,walk",-0.510443699168895,-3.67186655023586,-3.0720035810053,-1.62093949197468,5.0,2.0,2.0,4.0
10344,232,255,27.32,"car,bicycle,escooter,walk",-0.510443699168895,-3.67186655023586,-3.0720035810053,-1.62093949197468,5.0,2.0,2.0,4.0
10345,255,130,39.614,"car,bicycle,escooter,walk",-0.510443699168895,-3.67186655023586,-3.0720035810053,-1.62093949197468,5.0,2.0,2.0,4.0
10346,234,255,39.827,"car,bicycle,escooter,walk",-0.510443699168895,-3.67186655023586,-3.0720035810053,-1.62093949197468,5.0,2.0,2.0,4.0
10347,233,231,34.683,"car,bicycle,escooter,walk",-0.510443699168895,-3.67186655023586,-3.0720035810053,-1.62093949197468,5.0,2.0,2.0,4.0
10348,232,233,59.194,"car,bicycle,escooter,walk",0.6006585435037984,-2.582668936171085,-1.707140736470561,-0.3353889704119595,6.0,3.0,3.0,6.0
10349,131,257,22.966,"car,bicycle,escooter,walk",0.49526830750889506,-3.109892025209849,-2.40900892947178,-1.43767100746215,6.0,3.0,2.0,5.0
10350,233,256,37.186,"car,bicycle,escooter,walk",0.49526830750889506,-3.109892025209849,-2.40900892947178,-1.43767100746215,6.0,3.0,2.0,5.0
10351,256,257,22.623,"car,bicycle,escooter,walk",-0.510443699168895,-3.67186655023586,-3.0720035810053,-1.62093949197468,5.0,2.0,2.0,4.0
10352,256,226,64.102,"car,bicycle,escooter,walk",0.49526830750889506,-3.109892025209849,-2.40900892947178,-1.43767100746215,6.0,3.0,2.0,5.0
10353,226,167,34.299,"car,bicycle,escooter,walk",0.49526830750889506,-3.109892025209849,-2.40900892947178,-1.43767100746215,6.0,3.0,2.0,5.0
10354,228,229,15.895,"car,bicycle,escooter,walk",0.49526830750889506,-3.109892025209849,-2.40900892947178,-1.43767100746215,6.0,3.0,2.0,5.0
10355,229,230,22.123,"car,bicycle,escooter,walk",0.49526830750889506,-3.109892025209849,-2.40900892947178,-1.43767100746215,6.0,3.0,2.0,5.0
10356,230,225,19.206,"car,bicycle,escooter,walk",0.49526830750889506,-3.109892025209849,-2.40900892947178,-1.43767100746215,6.0,3.0,2.0,5.0
10357,225,231,42.069,"car,bicycle,escooter,walk",0.49526830750889506,-3.109892025209849,-2.40900892947178,-1.43767100746215,6.0,3.0,2.0,5.0
10358,231,226,52.244,"car,bicycle,escooter,walk",0.448512199662515,-2.005076146614639,-1.23652217427958,-0.04850561014390001,6.0,4.0,3.0,6.0
10359,223,224,36.043,"car,bicycle,escooter,walk",0.448512199662515,-2.005076146614639,-1.23652217427958,-0.04850561014390001,6.0,4.0,3.0,6.0
10360,224,168,92.041,"car,bicycle,escooter,walk",-0.510443699168895,-3.67186655023586,-3.0720035810053,-1.62093949197468,5.0,2.0,2.0,4.0
10361,225,224,54.531,"car,bicycle,escooter,walk",0.448512199662515,-2.005076146614639,-1.23652217427958,-0.04850561014390001,6.0,4.0,3.0,6.0
10362,169,222,100.175,"car,bicycle,escooter,walk",0.626870174074928,-1.714145918974636,-0.874997018039956,0.68293331039866,6.0,4.0,4.0,6.0
10363,170,222,97.88,"car,bicycle,escooter,walk",0.626870174074928,-1.714145918974636,-0.874997018039956,0.68293331039866,6.0,4.0,4.0,6.0
10364,222,223,19.898,"car,bicycle,escooter,walk",0.626870174074928,-1.714145918974636,-0.874997018039956,0.68293331039866,6.0,4.0,4.0,6.0
10365,223,227,62.871,"car,bicycle,escooter,walk",0.448512199662515,-2.005076146614639,-1.23652217427958,-0.04850561014390001,6.0,4.0,3.0,6.0
10366,227,228,22.38,"car,bicycle,escooter,walk",-0.510443699168895,-3.67186655023586,-3.0720035810053,-1.62093949197468,5.0,2.0,2.0,4.0
10367,237,253,34.212,"car,bicycle,escooter,walk",-0.510443699168895,-3.67186655023586,-3.0720035810053,-1.62093949197468,5.0,2.0,2.0,4.0
10368,253,171,29.884,"car,bicycle,escooter,walk",0.448512199662515,-2.005076146614639,-1.23652217427958,-0.04850561014390001,6.0,4.0,3.0,6.0
10369,239,240,82.117,"car,bicycle,escooter,walk",0.626870174074928,-1.714145918974636,-0.874997018039956,0.68293331039866,6.0,4.0,4.0,6.0
10370,239,238,102.33,"car,bicycle,escooter,walk",0.626870174074928,-1.714145918974636,-0.874997018039956,0.68293331039866,6.0,4.0,4.0,6.0
10371,237,172,59.509,"car,bicycle,escooter,walk",0.626870174074928,-1.714145918974636,-0.874997018039956,0.68293331039866,6.0,4.0,4.0,6.0
10372,238,237,48.857,"car,bicycle,escooter,walk",0.626870174074928,-1.714145918974636,-0.874997018039956,0.68293331039866,6.0,4.0,4.0,6.0
10373,240,241,61.113,"bicycle,escooter,walk",0.448512199662515,-2.005076146614639,-1.23652217427958,-0.04850561014390001,6.0,4.0,3.0,6.0
10374,240,227,62.033,"bicycle,escooter,walk",-0.3788418326028621,-2.2761204440006466,-1.537991669573476,0.49966482588613,5.0,3.0,3.0,6.0
10375,172,248,84.128,"car,bicycle,escooter,walk",-0.557199807015275,-2.56705067164065,-1.8995168258131,-0.23177409465643,5.0,3.0,3.0,6.0
10376,249,237,71.237,"car,bicycle,escooter,walk",0.626870174074928,-1.714145918974636,-0.874997018039956,0.68293331039866,6.0,4.0,4.0,6.0
10377,250,238,67.746,"car,bicycle,escooter,walk",0.448512199662515,-2.005076146614639,-1.23652217427958,-0.04850561014390001,6.0,4.0,3.0,6.0
10378,174,248,43.093,"car,bicycle,escooter,walk",0.448512199662515,-2.005076146614639,-1.23652217427958,-0.04850561014390001,6.0,4.0,3.0,6.0
10379,248,249,36.48,"car,bicycle,escooter,walk",0.626870174074928,-1.714145918974636,-0.874997018039956,0.68293331039866,6.0,4.0,4.0,6.0
10380,249,250,41.328,"car,bicycle,escooter,walk",0.626870174074928,-1.714145918974636,-0.874997018039956,0.68293331039866,6.0,4.0,4.0,6.0
10381,250,252,80.511,"car,bicycle,escooter,walk",0.626870174074928,-1.714145918974636,-0.874997018039956,0.68293331039866,6.0,4.0,4.0,6.0
10382,252,239,16.907,"car,bicycle,escooter,walk",-0.557199807015275,-2.56705067164065,-1.8995168258131,-0.23177409465643,5.0,3.0,3.0,6.0
10383,248,180,42.914,"car,bicycle,escooter,walk",0.626870174074928,-1.714145918974636,-0.874997018039956,0.68293331039866,6.0,4.0,4.0,6.0
10384,250,192,53.144,"car,bicycle,escooter,walk",0.448512199662515,-2.005076146614639,-1.23652217427958,-0.04850561014390001,6.0,4.0,3.0,6.0
10385,251,252,71.677,"car,bicycle,escooter,walk",0.626870174074928,-1.714145918974636,-0.874997018039956,0.68293331039866,6.0,4.0,4.0,6.0
10386,240,251,49.037,"car,bicycle,escooter,walk",0.626870174074928,-1.714145918974636,-0.874997018039956,0.68293331039866,6.0,4.0,4.0,6.0
10387,251,244,42.746,"car,bicycle,escooter,walk",0.626870174074928,-1.714145918974636,-0.874997018039956,0.68293331039866,6.0,4.0,4.0,6.0
10388,244,184,36.255,"car,bicycle,escooter,walk",0.626870174074928,-1.714145918974636,-0.874997018039956,0.68293331039866,6.0,4.0,4.0,6.0
10389,242,243,53.178,"car,bicycle,escooter,walk",0.626870174074928,-1.714145918974636,-0.874997018039956,0.68293331039866,6.0,4.0,4.0,6.0
10390,243,193,75.844,"car,bicycle,escooter,walk",0.626870174074928,-1.714145918974636,-0.874997018039956,0.68293331039866,6.0,4.0,4.0,6.0
10391,227,236,32.338,"bicycle,escooter,walk",-0.3788418326028621,-2.2761204440006466,-1.537991669573476,0.49966482588613,5.0,3.0,3.0,6.0
10392,258,64,37.362,"car,bicycle,escooter,walk",0.05570836783795108,-2.81604135600258,-2.01541966152865,-1.462285921805444,5.0,3.0,2.0,5.0
10393,54,48,135.436,car,0.23406634225036407,-2.5251111283625773,-1.6538945052890262,-0.730847001262884,5.0,3.0,3.0,5.0
10394,48,259,143.777,"car,bicycle,escooter,walk",0.7790165179162114,-2.2917387085310823,-1.345615580230937,0.3960499501306005,6.0,3.0,3.0,6.0
10395,259,54,20.488,"car,bicycle,escooter,walk",0.7790165179162114,-2.2917387085310823,-1.345615580230937,0.3960499501306005,6.0,3.0,3.0,6.0
10396,259,260,93.186,"car,bicycle,escooter,walk",0.7790165179162114,-2.2917387085310823,-1.345615580230937,0.3960499501306005,6.0,3.0,3.0,6.0
10397,260,261,116.585,"car,bicycle,escooter,walk",0.7790165179162114,-2.2917387085310823,-1.345615580230937,0.3960499501306005,6.0,3.0,3.0,6.0
10398,261,55,143.911,"car,bicycle,escooter,walk",-0.004711934615011959,-3.3265342877008703,-2.69973576334343,-2.53564491459132,5.0,2.0,2.0,4.0
10399,261,58,16.264,"car,bicycle,escooter,walk",-0.510443699168895,-3.67186655023586,-3.0720035810053,-1.62093949197468,5.0,2.0,2.0,4.0
10400,116,117,88.949,"car,bicycle,escooter,walk",-0.510443699168895,-3.67186655023586,-3.0720035810053,-1.62093949197468,5.0,2.0,2.0,4.0
10406,186,185,65.273,"car,bicycle,escooter,walk",-0.510443699168895,-3.67186655023586,-3.0720035810053,-1.62093949197468,5.0,2.0,2.0,4.0
10407,60000,11,204.641,"car,bicycle,escooter,walk",-0.510443699168895,-3.67186655023586,-3.0720035810053,-1.62093949197468,5.0,2.0,2.0,4.0
10408,40000,4000,458.593,"car,bicycle,escooter,walk",-0.510443699168895,-3.67186655023586,-3.0720035810053,-1.62093949197468,5.0,2.0,2.0,4.0
10409,3000,30000,510.289,"car,bicycle,escooter,walk",-0.510443699168895,-3.67186655023586,-3.0720035810053,-1.62093949197468,5.0,2.0,2.0,4.0
10410,20000,2000,26.563,"car,bicycle,escooter,walk",-0.510443699168895,-3.67186655023586,-3.0720035810053,-1.62093949197468,5.0,2.0,2.0,4.0
10411,10000,1000,675.225,"car,bicycle,escooter,walk",-0.510443699168895,-3.67186655023586,-3.0720035810053,-1.62093949197468,5.0,2.0,2.0,4.0
10412,90000,19,4.846,"car,bicycle,escooter,walk",-0.510443699168895,-3.67186655023586,-3.0720035810053,-1.62093949197468,5.0,2.0,2.0,4.0
10413,80000,102,331.05,"car,bicycle,escooter,walk",-0.510443699168895,-3.67186655023586,-3.0720035810053,-1.62093949197468,5.0,2.0,2.0,4.0
10414,7000,70000,80.832,"car,bicycle,escooter,walk",0.17364603979740104,-3.0356040600608676,-2.3382106071038056,-1.80420599404876,5.0,3.0,2.0,4.0
110000,11,5000,1073.02,"car,bicycle,escooter,walk",0.17364603979740104,-3.0356040600608676,-2.3382106071038056,-1.80420599404876,5.0,3.0,2.0,4.0
110001,11,6000,206.539,"car,bicycle,escooter,walk",0.17364603979740104,-3.0356040600608676,-2.3382106071038056,-1.80420599404876,5.0,3.0,2.0,4.0
110002,10,60000,662.578,"car,bicycle,escooter,walk",0.17364603979740104,-3.0356040600608676,-2.3382106071038056,-1.80420599404876,5.0,3.0,2.0,4.0
110003,9,40000,1080.269,"car,bicycle,escooter,walk",0.17364603979740104,-3.0356040600608676,-2.3382106071038056,-1.80420599404876,5.0,3.0,2.0,4.0
110004,8,3000,363.119,"car,bicycle,escooter,walk",0.17364603979740104,-3.0356040600608676,-2.3382106071038056,-1.80420599404876,5.0,3.0,2.0,4.0
110005,18,20000,676.757,"car,bicycle,escooter,walk",0.17364603979740104,-3.0356040600608676,-2.3382106071038056,-1.80420599404876,5.0,3.0,2.0,4.0
110006,14,10000,912.202,"car,bicycle,escooter,walk",0.17364603979740104,-3.0356040600608676,-2.3382106071038056,-1.80420599404876,5.0,3.0,2.0,4.0
110007,103,7000,842.917,"car,bicycle,escooter,walk",0.17364603979740104,-3.0356040600608676,-2.3382106071038056,-1.80420599404876,5.0,3.0,2.0,4.0
110008,90000,9000,639.999,"car,bicycle,escooter,walk",0.17364603979740104,-3.0356040600608676,-2.3382106071038056,-1.80420599404876,5.0,3.0,2.0,4.0
110010,12,19,198.003,"car,bicycle,escooter,walk",-0.4654737656269547,-3.655136392895386,-3.0544514898188613,-1.5920164477103653,5.0,2.0,2.0,4.0
110405,9,10,352.843,"car,bicycle,escooter,walk",0.5402382410508354,-3.0931618678693753,-2.3914568382853414,-1.4087479631978352,6.0,3.0,2.0,5.0
110404,20,9,159.352,"car,bicycle,escooter,walk",-0.4654737656269547,-3.655136392895386,-3.0544514898188613,-1.5920164477103653,5.0,2.0,2.0,4.0
110403,21,20,110.36,car,-0.4654737656269547,-3.655136392895386,-3.0544514898188613,-1.5920164477103653,5.0,2.0,2.0,4.0
110402,22,21,78.713,car,-0.4654737656269547,-3.655136392895386,-3.0544514898188613,-1.5920164477103653,5.0,2.0,2.0,4.0
110401,23,22,63.425,car,-0.4654737656269547,-3.655136392895386,-3.0544514898188613,-1.5920164477103653,5.0,2.0,2.0,4.0
110011,24,23,107.419,car,-0.4654737656269547,-3.655136392895386,-3.0544514898188613,-1.5920164477103653,5.0,2.0,2.0,4.0
110012,25,24,71.14,car,-0.4654737656269547,-3.655136392895386,-3.0544514898188613,-1.5920164477103653,5.0,2.0,2.0,4.0
110013,26,25,51.089,car,-0.4654737656269547,-3.655136392895386,-3.0544514898188613,-1.5920164477103653,5.0,2.0,2.0,4.0
110014,8,26,102.908,car,1.0506819402197303,0.578704682366485,0.6805467427199587,0.2121915287768446,6.0,6.0,5.0,6.0
110020,18,36,129.877,"bicycle,escooter,walk",1.0506819402197303,0.578704682366485,0.6805467427199587,0.2121915287768446,6.0,6.0,5.0,6.0
110028,46,48,139.626,"bicycle,escooter,walk",1.0506819402197303,0.578704682366485,0.6805467427199587,0.2121915287768446,6.0,6.0,5.0,6.0
110029,42,46,111.859,"bicycle,escooter,walk",1.0506819402197303,0.578704682366485,0.6805467427199587,0.2121915287768446,6.0,6.0,5.0,6.0
110030,44,42,82.757,"bicycle,escooter,walk",1.0506819402197303,0.578704682366485,0.6805467427199587,0.2121915287768446,6.0,6.0,5.0,6.0
110031,40,44,84.573,"bicycle,escooter,walk",1.0506819402197303,0.578704682366485,0.6805467427199587,0.2121915287768446,6.0,6.0,5.0,6.0
110032,51,40,111.158,"bicycle,escooter,walk",1.0506819402197303,0.578704682366485,0.6805467427199587,0.2121915287768446,6.0,6.0,5.0,6.0
110033,38,51,153.558,"bicycle,escooter,walk",1.0506819402197303,0.578704682366485,0.6805467427199587,0.2121915287768446,6.0,6.0,5.0,6.0
110034,37,38,99.91,"bicycle,escooter,walk",1.0506819402197303,0.578704682366485,0.6805467427199587,0.2121915287768446,6.0,6.0,5.0,6.0
110035,36,37,133.13,"bicycle,escooter,walk",0.448512199662515,-2.005076146614639,-1.23652217427958,-0.04850561014390001,6.0,4.0,3.0,6.0
110036,50,51,118.288,"bicycle,escooter,walk",0.6006585435037984,-2.582668936171085,-1.707140736470561,-0.3353889704119595,6.0,3.0,3.0,6.0
110037,34,50,43.78,"bicycle,escooter,walk",0.6006585435037984,-2.582668936171085,-1.707140736470561,-0.3353889704119595,6.0,3.0,3.0,6.0
110038,49,50,48.275,"bicycle,escooter,walk",-0.4050534631739917,-3.144643461197096,-2.370135388004081,-0.5186574549244894,5.0,3.0,2.0,6.0
110039,32,18,115.257,car,-0.557199807015275,-2.56705067164065,-1.8995168258131,-0.23177409465643,5.0,3.0,3.0,6.0
110046,46,45,121.143,"bicycle,escooter,walk",0.6006585435037984,-2.582668936171085,-1.707140736470561,-0.3353889704119595,6.0,3.0,3.0,6.0
110047,47,45,50.022,"car,bicycle,escooter,walk",0.7790165179162114,-2.2917387085310823,-1.345615580230937,0.3960499501306005,6.0,3.0,3.0,6.0
110064,48,14,418.223,"bicycle,escooter,walk",0.7790165179162114,-2.2917387085310823,-1.345615580230937,0.3960499501306005,6.0,3.0,3.0,6.0
110066,53,47,135.806,car,0.7790165179162114,-2.2917387085310823,-1.345615580230937,0.3960499501306005,6.0,3.0,3.0,6.0
110067,53,47,135.806,"bicycle,escooter,walk",0.7790165179162114,-2.2917387085310823,-1.345615580230937,0.3960499501306005,6.0,3.0,3.0,6.0
110068,48,54,135.436,"bicycle,escooter,walk",0.7790165179162114,-2.2917387085310823,-1.345615580230937,0.3960499501306005,6.0,3.0,3.0,6.0
110078,58,55,144.586,"bicycle,escooter,walk",0.7790165179162114,-2.2917387085310823,-1.345615580230937,0.3960499501306005,6.0,3.0,3.0,6.0
110080,57,58,123.815,"bicycle,escooter,walk",0.6006585435037984,-2.582668936171085,-1.707140736470561,-0.3353889704119595,6.0,3.0,3.0,6.0
110081,54,57,93.761,"bicycle,escooter,walk",0.6006585435037984,-2.582668936171085,-1.707140736470561,-0.3353889704119595,6.0,3.0,3.0,6.0
110082,54,57,93.761,car,0.7790165179162114,-2.2917387085310823,-1.345615580230937,0.3960499501306005,6.0,3.0,3.0,6.0
110084,55,89,158.784,"car,bicycle,escooter,walk",-0.3788418326028621,-2.2761204440006466,-1.537991669573476,0.49966482588613,5.0,3.0,3.0,6.0
110085,62,67,885.629,"bicycle,escooter,walk",-0.3788418326028621,-2.2761204440006466,-1.537991669573476,0.49966482588613,5.0,3.0,3.0,6.0
110086,63,62,637.209,"bicycle,escooter,walk",-0.3788418326028621,-2.2761204440006466,-1.537991669573476,0.49966482588613,5.0,3.0,3.0,6.0
110087,258,63,245.032,"bicycle,escooter,walk",-0.3788418326028621,-2.2761204440006466,-1.537991669573476,0.49966482588613,5.0,3.0,3.0,6.0
110088,65,10,375.803,"bicycle,escooter,walk",-0.3788418326028621,-2.2761204440006466,-1.537991669573476,0.49966482588613,5.0,3.0,3.0,6.0
110089,258,65,319.94,"bicycle,escooter,walk",0.7790165179162114,-2.2917387085310823,-1.345615580230937,0.3960499501306005,6.0,3.0,3.0,6.0
110090,66,13,61.99,"bicycle,escooter,walk",0.7790165179162114,-2.2917387085310823,-1.345615580230937,0.3960499501306005,6.0,3.0,3.0,6.0
110091,56,66,112.24,"car,bicycle,escooter,walk",-0.3788418326028621,-2.2761204440006466,-1.537991669573476,0.49966482588613,5.0,3.0,3.0,6.0
110092,68,67,69.105,"car,bicycle,escooter,walk",-0.3788418326028621,-2.2761204440006466,-1.537991669573476,0.49966482588613,5.0,3.0,3.0,6.0
110093,13,68,91.577,"car,bicycle,escooter,walk",0.6006585435037984,-2.582668936171085,-1.707140736470561,-0.3353889704119595,6.0,3.0,3.0,6.0
110111,90,89,47.146,"car,bicycle,escooter,walk",0.6006585435037984,-2.582668936171085,-1.707140736470561,-0.3353889704119595,6.0,3.0,3.0,6.0
110112,91,90,38.113,"car,bicycle,escooter,walk",0.6006585435037984,-2.582668936171085,-1.707140736470561,-0.3353889704119595,6.0,3.0,3.0,6.0
110113,91,56,54.246,"car,bicycle,escooter,walk",0.17364603979740104,-3.0356040600608676,-2.3382106071038056,-1.80420599404876,5.0,3.0,2.0,4.0
110114,80000,8000,89.041,"car,bicycle,escooter,walk",0.684089738966296,0.6362624901749929,0.733792973901494,-0.18326650207408013,6.0,6.0,6.0,6.0
110115,56,99,520.849,"bicycle,escooter,walk",0.7790165179162114,-2.2917387085310823,-1.345615580230937,0.3960499501306005,6.0,3.0,3.0,6.0
110116,99,12,150.565,"car,bicycle,escooter,walk",0.6006585435037984,-2.582668936171085,-1.707140736470561,-0.3353889704119595,6.0,3.0,3.0,6.0
110118,103,102,202.686,"car,bicycle,escooter,walk",0.6006585435037984,-2.582668936171085,-1.707140736470561,-0.3353889704119595,6.0,3.0,3.0,6.0
110119,13,103,133.098,"car,bicycle,escooter,walk",0.49526830750889506,-3.109892025209849,-2.40900892947178,-1.43767100746215,6.0,3.0,2.0,5.0
110120,100,99,147.584,car,0.5556886099618581,-2.599399093511559,-1.724692827657,-0.36431201467627405,6.0,3.0,3.0,6.0
110121,101,100,143.312,car,0.49526830750889506,-3.109892025209849,-2.40900892947178,-1.43767100746215,6.0,3.0,2.0,5.0
110122,102,101,180.983,car,-0.3788418326028621,-2.2761204440006466,-1.537991669573476,0.49966482588613,5.0,3.0,3.0,6.0
110153,119,118,193.15,"car,bicycle,escooter,walk",0.6006585435037984,-2.582668936171085,-1.707140736470561,-0.3353889704119595,6.0,3.0,3.0,6.0
110200,131,17,68.907,"car,bicycle,escooter,walk",0.6006585435037984,-2.582668936171085,-1.707140736470561,-0.3353889704119595,6.0,3.0,3.0,6.0
110201,130,257,99.632,"car,bicycle,escooter,walk",0.05570836783795108,-2.81604135600258,-2.01541966152865,-1.462285921805444,5.0,3.0,2.0,5.0
110202,153,130,103.535,"car,bicycle,escooter,walk",0.6006585435037984,-2.582668936171085,-1.707140736470561,-0.3353889704119595,6.0,3.0,3.0,6.0
110203,135,153,88.385,"car,bicycle,escooter,walk",0.05570836783795108,-2.81604135600258,-2.01541966152865,-1.462285921805444,5.0,3.0,2.0,5.0
110204,136,135,135.628,"car,bicycle,escooter,walk",0.23406634225036407,-2.5251111283625773,-1.6538945052890262,-0.730847001262884,5.0,3.0,3.0,5.0
110205,137,136,185.634,"car,bicycle,escooter,walk",0.6006585435037984,-2.582668936171085,-1.707140736470561,-0.3353889704119595,6.0,3.0,3.0,6.0
110207,155,137,116.868,"car,bicycle,escooter,walk",0.5556886099618581,-2.599399093511559,-1.724692827657,-0.36431201467627405,6.0,3.0,3.0,6.0
110231,165,173,22.082,"car,bicycle,escooter,walk",-0.332085724756482,-3.380936322595857,-2.710478424765676,-0.88950057143212,5.0,2.0,2.0,5.0
110240,157,160,41.477,"car,bicycle,escooter,walk",-0.332085724756482,-3.380936322595857,-2.710478424765676,-0.88950057143212,5.0,2.0,2.0,5.0
110241,158,157,60.636,"car,bicycle,escooter,walk",-0.332085724756482,-3.380936322595857,-2.710478424765676,-0.88950057143212,5.0,2.0,2.0,5.0
110242,159,158,18.184,"car,bicycle,escooter,walk",-0.332085724756482,-3.380936322595857,-2.710478424765676,-0.88950057143212,5.0,2.0,2.0,5.0
110243,156,159,58.343,"car,bicycle,escooter,walk",-0.332085724756482,-3.380936322595857,-2.710478424765676,-0.88950057143212,5.0,2.0,2.0,5.0
110244,157,156,28.22,"car,bicycle,escooter,walk",0.05570836783795108,-2.81604135600258,-2.01541966152865,-1.462285921805444,5.0,3.0,2.0,5.0
110245,167,17,43.368,"car,bicycle,escooter,walk",0.05570836783795108,-2.81604135600258,-2.01541966152865,-1.462285921805444,5.0,3.0,2.0,5.0
110246,168,167,42.104,"car,bicycle,escooter,walk",0.05570836783795108,-2.81604135600258,-2.01541966152865,-1.462285921805444,5.0,3.0,2.0,5.0
110247,169,168,28.765,"car,bicycle,escooter,walk",0.05570836783795108,-2.81604135600258,-2.01541966152865,-1.462285921805444,5.0,3.0,2.0,5.0
110248,170,169,108.877,"car,bicycle,escooter,walk",0.05570836783795108,-2.81604135600258,-2.01541966152865,-1.462285921805444,5.0,3.0,2.0,5.0
110249,171,170,74.592,"car,bicycle,escooter,walk",0.05570836783795108,-2.81604135600258,-2.01541966152865,-1.462285921805444,5.0,3.0,2.0,5.0
110250,172,171,60.351,"car,bicycle,escooter,walk",0.05570836783795108,-2.81604135600258,-2.01541966152865,-1.462285921805444,5.0,3.0,2.0,5.0
110251,64,172,85.057,"car,bicycle,escooter,walk",-0.22669548876157872,-2.8537132335570927,-2.0086102317644574,0.21278146561807054,5.0,3.0,2.0,6.0
110258,174,175,27.497,"car,bicycle,escooter,walk",-0.22669548876157872,-2.8537132335570927,-2.0086102317644574,0.21278146561807054,5.0,3.0,2.0,6.0
110259,64,174,37.64,"car,bicycle,escooter,walk",-0.450023396715932,-3.16137361853757,-2.38768747919052,-0.547580499188804,5.0,2.0,2.0,6.0
110289,26,196,19.723,"car,bicycle,escooter,walk",-0.510443699168895,-3.67186655023586,-3.0720035810053,-1.62093949197468,5.0,2.0,2.0,4.0
110327,190,191,57.914,"car,bicycle,escooter,walk",-0.510443699168895,-3.67186655023586,-3.0720035810053,-1.62093949197468,5.0,2.0,2.0,4.0
110338,153,235,18.011,"car,bicycle,escooter,walk",0.6006585435037984,-2.582668936171085,-1.707140736470561,-0.3353889704119595,6.0,3.0,3.0,6.0
110349,257,131,22.966,"car,bicycle,escooter,walk",-0.510443699168895,-3.67186655023586,-3.0720035810053,-1.62093949197468,5.0,2.0,2.0,4.0
110361,224,225,54.531,"car,bicycle,escooter,walk",0.448512199662515,-2.005076146614639,-1.23652217427958,-0.04850561014390001,6.0,4.0,3.0,6.0
110374,227,240,62.033,"bicycle,escooter,walk",0.626870174074928,-1.714145918974636,-0.874997018039956,0.68293331039866,6.0,4.0,4.0,6.0
110391,236,227,32.338,"bicycle,escooter,walk",-0.3788418326028621,-2.2761204440006466,-1.537991669573476,0.49966482588613,5.0,3.0,3.0,6.0
110392,64,258,37.362,"car,bicycle,escooter,walk",-0.510443699168895,-3.67186655023586,-3.0720035810053,-1.62093949197468,5.0,2.0,2.0,4.0
110407,11,60000,204.641,"car,bicycle,escooter,walk",-0.510443699168895,-3.67186655023586,-3.0720035810053,-1.62093949197468,5.0,2.0,2.0,4.0
110408,4000,40000,458.593,"car,bicycle,escooter,walk",-0.510443699168895,-3.67186655023586,-3.0720035810053,-1.62093949197468,5.0,2.0,2.0,4.0
110409,30000,3000,510.289,"car,bicycle,escooter,walk",-0.510443699168895,-3.67186655023586,-3.0720035810053,-1.62093949197468,5.0,2.0,2.0,4.0
110410,2000,20000,26.563,"car,bicycle,escooter,walk",-0.510443699168895,-3.67186655023586,-3.0720035810053,-1.62093949197468,5.0,2.0,2.0,4.0
110411,1000,10000,675.225,"car,bicycle,escooter,walk",-0.510443699168895,-3.67186655023586,-3.0720035810053,-1.62093949197468,5.0,2.0,2.0,4.0
110412,19,90000,4.846,"car,bicycle,escooter,walk",-0.510443699168895,-3.67186655023586,-3.0720035810053,-1.62093949197468,5.0,2.0,2.0,4.0
110413,102,80000,331.05,"car,bicycle,escooter,walk",-0.510443699168895,-3.67186655023586,-3.0720035810053,-1.62093949197468,5.0,2.0,2.0,4.0
110414,70000,7000,80.832,"car,bicycle,escooter,walk",,,,,,,,
